OrderID;SupplierID;MaterialID;OrderDate;PromisedDeliveryDate;ActualDeliveryDate;Quantity;UnitPrice;TotalPrice;DeliveryStatus;DelayReasonID
2;18;1060;29.7.25;9.8.25;9.8.25;461;116.6;53752,6;On-Time;
3;3;1060;26.11.24;1.12.24;1.12.24;259;102.42;26526,78;On-Time;
4;18;1131;23.7.25;1.8.25;1.8.25;169;184.02;31099,38;On-Time;
5;7;1081;2.11.24;21.11.24;21.11.24;325;100.15;32548,75;On-Time;
6;13;1160;23.6.24;1.7.24;1.7.24;261;291.01;75953,61;On-Time;
7;14;1192;4.8.25;20.8.25;20.8.25;127;16.46;2090,42;On-Time;
8;11;1031;15.2.25;26.2.25;26.2.25;215;94.85;20392,75;On-Time;
9;10;1128;7.8.25;11.8.25;11.8.25;337;64.2;21635,4;On-Time;
10;15;1023;9.2.25;23.2.25;23.2.25;62;274.08;16992,96;On-Time;
12;1;1120;16.8.24;31.8.24;31.8.24;449;66.01;29638,49;On-Time;
13;8;1152;1.9.24;15.9.24;15.9.24;207;177.13;36665,91;On-Time;
14;17;1036;4.7.25;23.7.25;23.7.25;133;125.06;16632,98;On-Time;
15;11;1090;6.1.24;19.1.24;19.1.24;408;152.01;62020,08;On-Time;
16;8;1199;8.5.25;14.5.25;14.5.25;459;59.71;27406,89;On-Time;
18;15;1170;20.8.25;31.8.25;31.8.25;373;192.56;71824,88;On-Time;
20;19;1102;14.1.24;30.1.24;30.1.24;157;90.14;14151,98;On-Time;
21;5;1009;20.3.25;8.4.25;8.4.25;48;17.45;837,6;On-Time;
22;15;1053;23.9.24;28.9.24;28.9.24;459;12.94;5939,46;On-Time;
23;10;1055;22.2.24;10.3.24;10.3.24;179;259.78;46500,62;On-Time;
24;14;1159;11.4.24;17.4.24;17.4.24;20;223.33;4466,6;On-Time;
25;18;1142;20.6.25;9.7.25;9.7.25;165;31.12;5134,8;On-Time;
26;18;1021;2.8.24;20.8.24;20.8.24;141;95.43;13455,63;On-Time;
27;6;1197;10.5.24;18.5.24;18.5.24;145;82.14;11910,3;On-Time;
30;5;1121;12.11.24;21.11.24;21.11.24;477;49.6;23659,2;On-Time;
31;3;1194;22.1.25;29.1.25;29.1.25;7;17.44;122,08;On-Time;
32;4;1185;19.8.24;28.8.24;28.8.24;437;167.98;73407,26;On-Time;
34;13;1194;24.6.25;2.7.25;2.7.25;232;75.15;17434,8;On-Time;
35;8;1123;13.7.24;26.7.24;26.7.24;133;7.79;1036,07;On-Time;
37;17;1178;15.1.25;2.2.25;2.2.25;281;132.3;37176,3;On-Time;
38;11;1186;30.9.24;4.10.24;4.10.24;15;229.57;3443,55;On-Time;
39;13;1093;10.5.24;30.5.24;30.5.24;295;164.79;48613,05;On-Time;
42;7;1140;23.5.24;31.5.24;31.5.24;146;225.56;32931,76;On-Time;
44;17;1013;29.1.24;3.2.24;3.2.24;289;64.39;18608,71;On-Time;
45;15;1065;22.4.24;12.5.24;12.5.24;12;259.73;3116,76;On-Time;
46;13;1109;5.8.25;21.8.25;21.8.25;391;129.13;50489,83;On-Time;
47;7;1113;15.7.24;30.7.24;30.7.24;369;21.22;7830,18;On-Time;
48;2;1154;14.2.25;18.2.25;18.2.25;496;143.08;70967,68;On-Time;
49;19;1011;20.2.25;12.3.25;12.3.25;243;162.97;39601,71;On-Time;
51;13;1113;30.6.25;6.7.25;6.7.25;71;167.15;11867,65;On-Time;
53;14;1191;18.3.25;7.4.25;7.4.25;378;47.1;17803,8;On-Time;
54;10;1055;6.7.25;12.7.25;12.7.25;303;136.18;41262,54;On-Time;
55;20;1071;5.3.25;12.3.25;12.3.25;211;152.6;32198,6;On-Time;
56;12;1131;30.4.24;17.5.24;17.5.24;134;201.55;27007,7;On-Time;
58;13;1129;7.1.25;27.1.25;27.1.25;127;105.93;13453,11;On-Time;
59;20;1047;14.12.24;23.12.24;23.12.24;427;185.37;79152,99;On-Time;
60;18;1166;28.5.25;6.6.25;6.6.25;140;25.47;3565,8;On-Time;
61;1;1007;27.8.24;4.9.24;4.9.24;236;86.31;20369,16;On-Time;
62;2;1088;31.1.24;18.2.24;18.2.24;277;291.6;80773,2;On-Time;
63;3;1077;31.3.24;3.4.24;3.4.24;355;176.95;62817,25;On-Time;
64;5;1013;15.5.25;4.6.25;4.6.25;500;51.87;25935;On-Time;
67;5;1064;14.5.24;28.5.24;28.5.24;104;213.47;22200,88;On-Time;
69;20;1193;2.9.24;17.9.24;17.9.24;303;17.57;5323,71;On-Time;
70;18;1092;3.8.24;7.8.24;7.8.24;31;244.12;7567,72;On-Time;
71;5;1166;24.7.25;30.7.25;30.7.25;12;162.44;1949,28;On-Time;
72;17;1129;11.5.25;28.5.25;28.5.25;246;14.89;3662,94;On-Time;
73;9;1177;22.2.25;2.3.25;2.3.25;436;22.05;9613,8;On-Time;
74;9;1158;15.5.24;24.5.24;24.5.24;397;27.94;11092,18;On-Time;
75;16;1118;10.1.25;27.1.25;27.1.25;386;193.32;74621,52;On-Time;
76;17;1135;3.11.24;8.11.24;8.11.24;70;71.81;5026,7;On-Time;
77;21;1057;30.6.25;6.7.25;6.7.25;123;153.59;18891,57;On-Time;
79;20;1066;30.1.25;14.2.25;14.2.25;449;298.79;134156,71;On-Time;
81;15;1135;6.10.24;17.10.24;17.10.24;70;58.53;4097,1;On-Time;
83;3;1114;18.4.24;5.5.24;5.5.24;97;120.13;11652,61;On-Time;
84;20;1056;6.4.25;15.4.25;15.4.25;338;168.89;57084,82;On-Time;
85;8;1001;5.5.25;22.5.25;22.5.25;80;109.6;8768;On-Time;
86;15;1199;6.2.25;24.2.25;24.2.25;211;167.27;35293,97;On-Time;
88;18;1041;17.10.24;30.10.24;30.10.24;465;235.18;109358,7;On-Time;
89;13;1168;22.5.24;26.5.24;26.5.24;207;172.82;35773,74;On-Time;
91;16;1023;7.5.24;20.5.24;20.5.24;468;181.45;84918,6;On-Time;
92;15;1010;7.6.25;23.6.25;23.6.25;46;286.57;13182,22;On-Time;
94;21;1018;10.1.24;27.1.24;27.1.24;313;290.44;90907,72;On-Time;
96;16;1144;19.8.24;4.9.24;4.9.24;70;287.78;20144,6;On-Time;
97;11;1112;3.11.24;14.11.24;14.11.24;380;278.7;105906;On-Time;
98;8;1190;7.4.25;26.4.25;26.4.25;349;258.75;90303,75;On-Time;
101;4;1194;22.11.24;25.11.24;25.11.24;479;151.84;72731,36;On-Time;
102;20;1135;15.1.24;4.2.24;4.2.24;61;49.53;3021,33;On-Time;
103;12;1186;19.1.24;29.1.24;29.1.24;421;214.2;90178,2;On-Time;
104;8;1185;29.7.24;13.8.24;13.8.24;298;134.55;40095,9;On-Time;
105;21;1078;20.3.25;3.4.25;3.4.25;283;259.98;73574,34;On-Time;
106;21;1186;17.2.25;25.2.25;25.2.25;245;145.92;35750,4;On-Time;
108;7;1044;19.3.25;30.3.25;30.3.25;382;188.34;71945,88;On-Time;
109;5;1183;24.4.25;1.5.25;1.5.25;438;87.18;38184,84;On-Time;
110;14;1177;10.7.25;22.7.25;22.7.25;396;140.78;55748,88;On-Time;
111;8;1119;2.1.24;18.1.24;18.1.24;106;150.08;15908,48;On-Time;
112;14;1056;16.8.25;30.8.25;30.8.25;462;198.65;91776,3;On-Time;
113;5;1187;22.9.24;10.10.24;10.10.24;491;115.4;56661,4;On-Time;
114;2;1038;31.8.24;17.9.24;17.9.24;498;243.48;121253,04;On-Time;
115;21;1186;24.5.25;30.5.25;30.5.25;404;275.9;111463,6;On-Time;
117;8;1145;27.6.24;15.7.24;15.7.24;393;288.31;113305,83;On-Time;
118;13;1186;7.2.24;11.2.24;11.2.24;310;39.6;12276;On-Time;
119;15;1027;31.1.24;12.2.24;12.2.24;273;163.72;44695,56;On-Time;
120;14;1089;24.7.25;3.8.25;3.8.25;415;64.09;26597,35;On-Time;
122;1;1183;15.8.25;18.8.25;18.8.25;447;200.06;89426,82;On-Time;
123;10;1151;11.11.24;28.11.24;28.11.24;174;177.32;30853,68;On-Time;
124;10;1132;19.9.24;30.9.24;30.9.24;487;203.16;98938,92;On-Time;
125;2;1096;6.6.24;22.6.24;22.6.24;135;153.98;20787,3;On-Time;
126;20;1039;14.2.25;19.2.25;19.2.25;342;283.58;96984,36;On-Time;
127;6;1139;18.7.25;22.7.25;22.7.25;7;83.88;587,16;On-Time;
128;5;1180;6.12.24;9.12.24;9.12.24;268;37.58;10071,44;On-Time;
129;12;1188;25.6.24;8.7.24;8.7.24;187;116.75;21832,25;On-Time;
130;21;1023;26.1.24;15.2.24;15.2.24;433;107.33;46473,89;On-Time;
132;4;1106;20.3.25;2.4.25;2.4.25;80;56.31;4504,8;On-Time;
133;10;1126;24.5.25;7.6.25;7.6.25;270;166.56;44971,2;On-Time;
134;21;1165;20.11.24;29.11.24;29.11.24;322;122.04;39296,88;On-Time;
135;5;1176;3.8.24;21.8.24;21.8.24;232;138.72;32183,04;On-Time;
137;16;1180;21.5.25;24.5.25;24.5.25;295;220.12;64935,4;On-Time;
138;1;1152;18.8.25;23.8.25;23.8.25;484;60.92;29485,28;On-Time;
139;20;1023;23.12.24;3.1.25;3.1.25;304;171.29;52072,16;On-Time;
140;1;1078;20.6.25;4.7.25;4.7.25;394;28.25;11130,5;On-Time;
141;2;1063;24.6.25;5.7.25;5.7.25;431;275.54;118757,74;On-Time;
142;17;1029;6.6.24;15.6.24;15.6.24;248;237.24;58835,52;On-Time;
143;4;1040;4.6.25;15.6.25;15.6.25;397;223.22;88618,34;On-Time;
144;10;1113;15.6.24;21.6.24;21.6.24;95;120.58;11455,1;On-Time;
146;13;1040;17.7.24;31.7.24;31.7.24;328;62.22;20408,16;On-Time;
148;19;1159;15.12.24;19.12.24;19.12.24;171;155.22;26542,62;On-Time;
149;19;1044;23.6.24;13.7.24;13.7.24;372;58.01;21579,72;On-Time;
150;7;1165;24.7.24;6.8.24;6.8.24;137;59.43;8141,91;On-Time;
151;7;1122;23.3.25;31.3.25;31.3.25;58;216.63;12564,54;On-Time;
152;6;1084;5.12.24;20.12.24;20.12.24;217;108.64;23574,88;On-Time;
156;19;1140;6.1.24;13.1.24;13.1.24;71;149.51;10615,21;On-Time;
157;15;1066;26.3.24;7.4.24;7.4.24;222;217.84;48360,48;On-Time;
158;8;1149;14.9.24;30.9.24;30.9.24;412;197.57;81398,84;On-Time;
159;21;1122;19.1.25;22.1.25;22.1.25;134;172.05;23054,7;On-Time;
161;7;1026;21.3.25;28.3.25;28.3.25;398;144.64;57566,72;On-Time;
162;5;1107;8.4.25;26.4.25;26.4.25;15;185.89;2788,35;On-Time;
165;5;1131;19.11.24;22.11.24;22.11.24;215;228.66;49161,9;On-Time;
166;12;1162;3.6.25;15.6.25;15.6.25;111;117.44;13035,84;On-Time;
168;19;1140;31.5.25;10.6.25;10.6.25;388;279.38;108399,44;On-Time;
169;13;1019;29.6.25;16.7.25;16.7.25;333;227.25;75674,25;On-Time;
171;3;1056;30.6.24;5.7.24;5.7.24;34;274.22;9323,48;On-Time;
172;9;1079;3.1.25;12.1.25;12.1.25;220;48.46;10661,2;On-Time;
173;15;1063;22.5.24;28.5.24;28.5.24;47;19.01;893,47;On-Time;
174;19;1193;10.1.24;21.1.24;21.1.24;263;80.84;21260,92;On-Time;
175;11;1088;29.4.24;5.5.24;5.5.24;99;220.84;21863,16;On-Time;
176;7;1022;14.5.24;20.5.24;20.5.24;109;251.03;27362,27;On-Time;
177;21;1021;10.7.25;22.7.25;22.7.25;87;142.44;12392,28;On-Time;
178;2;1188;22.7.25;10.8.25;10.8.25;387;285.98;110674,26;On-Time;
179;6;1092;12.4.25;23.4.25;23.4.25;35;256.84;8989,4;On-Time;
181;20;1063;13.1.25;23.1.25;23.1.25;229;148.14;33924,06;On-Time;
182;1;1192;29.9.24;10.10.24;10.10.24;321;64.83;20810,43;On-Time;
183;1;1035;27.11.24;4.12.24;4.12.24;164;194.1;31832,4;On-Time;
184;15;1174;16.3.24;2.4.24;2.4.24;385;188.05;72399,25;On-Time;
185;10;1177;4.8.24;23.8.24;23.8.24;154;177.22;27291,88;On-Time;
186;21;1025;14.2.25;4.3.25;4.3.25;87;134.96;11741,52;On-Time;
187;14;1104;10.12.24;29.12.24;29.12.24;132;268.73;35472,36;On-Time;
188;13;1198;29.1.25;12.2.25;12.2.25;186;292.36;54378,96;On-Time;
190;12;1044;5.11.24;22.11.24;22.11.24;137;215.74;29556,38;On-Time;
192;8;1045;20.6.25;28.6.25;28.6.25;430;250.32;107637,6;On-Time;
194;7;1011;16.1.25;21.1.25;21.1.25;232;96.54;22397,28;On-Time;
195;10;1177;3.4.25;9.4.25;9.4.25;304;192.82;58617,28;On-Time;
199;17;1173;18.6.25;7.7.25;7.7.25;185;278.58;51537,3;On-Time;
201;12;1072;1.3.24;5.3.24;5.3.24;63;299.07;18841,41;On-Time;
202;4;1147;2.7.25;7.7.25;7.7.25;489;233.63;114245,07;On-Time;
203;11;1188;8.11.24;26.11.24;26.11.24;212;216.69;45938,28;On-Time;
204;8;1032;12.6.24;29.6.24;29.6.24;27;81.78;2208,06;On-Time;
205;17;1056;17.9.24;29.9.24;29.9.24;402;96.91;38957,82;On-Time;
206;18;1039;4.7.25;23.7.25;23.7.25;230;26.19;6023,7;On-Time;
207;17;1113;28.10.24;9.11.24;9.11.24;205;220.97;45298,85;On-Time;
208;10;1062;16.5.25;22.5.25;22.5.25;186;263.28;48970,08;On-Time;
210;15;1124;24.5.25;13.6.25;13.6.25;105;183.12;19227,6;On-Time;
211;7;1094;22.4.25;7.5.25;7.5.25;360;108.48;39052,8;On-Time;
212;13;1013;17.7.24;26.7.24;26.7.24;336;155.43;52224,48;On-Time;
215;14;1123;19.2.24;10.3.24;10.3.24;296;168.19;49784,24;On-Time;
216;21;1040;7.7.24;22.7.24;22.7.24;175;177.88;31129;On-Time;
218;14;1023;16.9.24;23.9.24;23.9.24;35;155.36;5437,6;On-Time;
219;11;1076;9.3.24;12.3.24;12.3.24;7;178.67;1250,69;On-Time;
220;14;1089;30.1.25;12.2.25;12.2.25;271;206.09;55850,39;On-Time;
221;6;1078;27.5.25;3.6.25;3.6.25;150;104.16;15624;On-Time;
222;18;1016;2.2.25;22.2.25;22.2.25;256;9.46;2421,76;On-Time;
223;15;1155;15.2.25;3.3.25;3.3.25;172;35.97;6186,84;On-Time;
225;5;1037;22.4.25;29.4.25;29.4.25;423;289.97;122657,31;On-Time;
226;17;1175;21.7.25;30.7.25;30.7.25;13;174.23;2264,99;On-Time;
227;14;1087;6.8.24;15.8.24;15.8.24;409;50.63;20707,67;On-Time;
228;9;1038;13.4.24;26.4.24;26.4.24;284;297.75;84561;On-Time;
229;19;1088;5.1.24;14.1.24;14.1.24;72;222.81;16042,32;On-Time;
230;5;1114;1.10.24;18.10.24;18.10.24;487;11.76;5727,12;On-Time;
232;8;1175;29.6.25;10.7.25;10.7.25;468;121.07;56660,76;On-Time;
234;17;1114;26.3.25;14.4.25;14.4.25;389;8.36;3252,04;On-Time;
236;21;1102;8.1.25;26.1.25;26.1.25;362;156.84;56776,08;On-Time;
237;10;1148;20.2.24;3.3.24;3.3.24;286;69.58;19899,88;On-Time;
238;7;1099;23.12.24;28.12.24;28.12.24;241;213.41;51431,81;On-Time;
240;4;1004;18.11.24;27.11.24;27.11.24;346;189.55;65584,3;On-Time;
241;9;1078;18.5.24;22.5.24;22.5.24;16;121.01;1936,16;On-Time;
242;12;1131;20.5.24;3.6.24;3.6.24;150;276.25;41437,5;On-Time;
243;21;1152;6.9.24;9.9.24;9.9.24;478;50.38;24081,64;On-Time;
244;7;1049;14.2.25;3.3.25;3.3.25;123;113.65;13978,95;On-Time;
246;2;1127;19.5.24;30.5.24;30.5.24;465;137.54;63956,1;On-Time;
247;9;1168;7.2.24;19.2.24;19.2.24;249;94.29;23478,21;On-Time;
248;3;1169;3.4.25;8.4.25;8.4.25;278;42.83;11906,74;On-Time;
249;14;1071;22.3.25;6.4.25;6.4.25;23;79.2;1821,6;On-Time;
251;19;1010;30.4.24;20.5.24;20.5.24;484;218.86;105928,24;On-Time;
253;12;1102;19.5.25;4.6.25;4.6.25;323;235.04;75917,92;On-Time;
254;9;1191;26.11.24;4.12.24;4.12.24;491;102.23;50194,93;On-Time;
255;6;1096;27.12.24;3.1.25;3.1.25;35;251.46;8801,1;On-Time;
256;11;1002;26.12.24;13.1.25;13.1.25;457;101.22;46257,54;On-Time;
258;8;1081;12.5.25;25.5.25;25.5.25;335;279.61;93669,35;On-Time;
259;21;1180;21.3.24;9.4.24;9.4.24;227;221.35;50246,45;On-Time;
260;12;1089;26.6.25;2.7.25;2.7.25;191;53.95;10304,45;On-Time;
262;2;1151;25.12.24;14.1.25;14.1.25;177;61.75;10929,75;On-Time;
264;5;1111;16.4.25;4.5.25;4.5.25;366;63.41;23208,06;On-Time;
265;14;1184;6.7.25;12.7.25;12.7.25;497;96.41;47915,77;On-Time;
266;9;1025;2.6.25;6.6.25;6.6.25;386;42.14;16266,04;On-Time;
268;5;1073;2.3.24;17.3.24;17.3.24;106;111.49;11817,94;On-Time;
270;2;1007;6.2.24;13.2.24;13.2.24;45;103.8;4671;On-Time;
271;7;1196;27.7.24;11.8.24;11.8.24;442;221.88;98070,96;On-Time;
272;9;1070;29.11.24;2.12.24;2.12.24;192;291.9;56044,8;On-Time;
275;21;1104;26.1.25;7.2.25;7.2.25;442;196.81;86990,02;On-Time;
276;18;1148;23.4.25;8.5.25;8.5.25;310;238.75;74012,5;On-Time;
278;7;1095;13.2.24;23.2.24;23.2.24;170;258.61;43963,7;On-Time;
281;15;1004;6.6.25;17.6.25;17.6.25;344;169.58;58335,52;On-Time;
282;12;1009;14.4.25;22.4.25;22.4.25;258;87.22;22502,76;On-Time;
284;21;1197;29.7.24;18.8.24;18.8.24;317;288.73;91527,41;On-Time;
285;9;1181;28.1.25;8.2.25;8.2.25;281;109.56;30786,36;On-Time;
286;12;1180;8.6.25;11.6.25;11.6.25;439;14.47;6352,33;On-Time;
287;9;1082;9.5.25;12.5.25;12.5.25;92;126.52;11639,84;On-Time;
288;10;1053;16.5.25;21.5.25;21.5.25;80;214.69;17175,2;On-Time;
290;20;1003;6.2.25;16.2.25;16.2.25;468;104.97;49125,96;On-Time;
291;14;1158;13.10.24;2.11.24;2.11.24;476;295.46;140638,96;On-Time;
292;11;1165;14.7.24;24.7.24;24.7.24;408;200.96;81991,68;On-Time;
293;14;1158;10.6.24;26.6.24;26.6.24;270;12.04;3250,8;On-Time;
294;18;1025;14.2.25;17.2.25;17.2.25;350;141.01;49353,5;On-Time;
296;10;1107;12.3.25;30.3.25;30.3.25;281;21.53;6049,93;On-Time;
297;13;1057;8.8.25;15.8.25;15.8.25;32;26.19;838,08;On-Time;
298;20;1087;21.5.24;4.6.24;4.6.24;159;236.15;37547,85;On-Time;
299;18;1129;18.4.24;26.4.24;26.4.24;352;267.33;94100,16;On-Time;
300;5;1015;31.10.24;15.11.24;15.11.24;470;209.04;98248,8;On-Time;
302;11;1091;24.12.24;4.1.25;4.1.25;409;199.69;81673,21;On-Time;
303;3;1199;24.5.25;9.6.25;9.6.25;497;40.66;20208,02;On-Time;
305;16;1132;24.8.24;30.8.24;30.8.24;208;202.02;42020,16;On-Time;
307;18;1083;17.3.25;6.4.25;6.4.25;115;211.66;24340,9;On-Time;
308;2;1088;2.2.24;16.2.24;16.2.24;57;32.27;1839,39;On-Time;
310;16;1199;2.9.24;8.9.24;8.9.24;194;75.74;14693,56;On-Time;
311;15;1076;29.4.25;9.5.25;9.5.25;13;239.95;3119,35;On-Time;
312;16;1112;16.10.24;27.10.24;27.10.24;96;106.35;10209,6;On-Time;
313;10;1067;9.7.24;27.7.24;27.7.24;44;185.42;8158,48;On-Time;
315;2;1012;2.3.24;12.3.24;12.3.24;243;43.41;10548,63;On-Time;
316;19;1171;20.10.24;30.10.24;30.10.24;53;141.31;7489,43;On-Time;
317;17;1146;10.6.24;27.6.24;27.6.24;168;131.55;22100,4;On-Time;
318;12;1151;16.1.25;22.1.25;22.1.25;419;48.01;20116,19;On-Time;
321;18;1032;6.2.25;23.2.25;23.2.25;198;230.55;45648,9;On-Time;
322;14;1044;21.9.24;3.10.24;3.10.24;108;185.5;20034;On-Time;
323;8;1148;28.1.25;8.2.25;8.2.25;80;33.49;2679,2;On-Time;
326;10;1112;13.9.24;18.9.24;18.9.24;355;103.28;36664,4;On-Time;
328;1;1003;28.3.25;1.4.25;1.4.25;487;266.2;129639,4;On-Time;
330;19;1169;29.5.25;1.6.25;1.6.25;334;127.13;42461,42;On-Time;
331;7;1190;30.4.25;15.5.25;15.5.25;10;274.23;2742,3;On-Time;
332;16;1065;18.5.25;29.5.25;29.5.25;360;26.99;9716,4;On-Time;
333;19;1190;24.8.24;7.9.24;7.9.24;339;279.74;94831,86;On-Time;
335;12;1045;13.11.24;26.11.24;26.11.24;299;247.17;73903,83;On-Time;
336;19;1035;4.2.24;24.2.24;24.2.24;80;16.89;1351,2;On-Time;
337;20;1078;4.8.24;20.8.24;20.8.24;129;140.88;18173,52;On-Time;
338;6;1123;19.1.24;7.2.24;7.2.24;291;215.07;62585,37;On-Time;
339;18;1065;21.3.24;28.3.24;28.3.24;253;128.56;32525,68;On-Time;
340;8;1058;23.8.25;8.9.25;8.9.25;410;253.18;103803,8;On-Time;
341;5;1041;18.8.24;22.8.24;22.8.24;137;261.89;35878,93;On-Time;
343;20;1082;10.4.25;28.4.25;28.4.25;25;137.93;3448,25;On-Time;
344;16;1140;23.11.24;5.12.24;5.12.24;353;71.52;25246,56;On-Time;
345;19;1068;26.6.24;7.7.24;7.7.24;446;165.43;73781,78;On-Time;
347;16;1005;21.10.24;10.11.24;10.11.24;124;296.84;36808,16;On-Time;
348;4;1059;14.2.24;27.2.24;27.2.24;128;115.45;14777,6;On-Time;
349;14;1048;28.5.24;3.6.24;3.6.24;117;162.61;19025,37;On-Time;
350;5;1057;1.7.24;13.7.24;13.7.24;107;69.86;7475,02;On-Time;
352;16;1012;27.12.24;8.1.25;8.1.25;282;30.15;8502,3;On-Time;
353;2;1102;8.4.25;14.4.25;14.4.25;457;41.67;19043,19;On-Time;
354;19;1181;10.11.24;13.11.24;13.11.24;423;100.68;42587,64;On-Time;
355;14;1156;16.10.24;22.10.24;22.10.24;144;126.25;18180;On-Time;
356;1;1089;9.10.24;15.10.24;15.10.24;147;132.33;19452,51;On-Time;
359;10;1159;28.3.24;6.4.24;6.4.24;496;264.19;131038,24;On-Time;
360;6;1176;14.1.24;1.2.24;1.2.24;320;266.04;85132,8;On-Time;
361;12;1074;29.11.24;5.12.24;5.12.24;215;105.78;22742,7;On-Time;
364;12;1032;21.8.24;9.9.24;9.9.24;99;231.72;22940,28;On-Time;
366;14;1192;14.6.24;25.6.24;25.6.24;2;247.14;494,28;On-Time;
367;1;1174;12.2.24;18.2.24;18.2.24;32;194.71;6230,72;On-Time;
369;14;1043;9.8.25;15.8.25;15.8.25;34;37.17;1263,78;On-Time;
370;12;1059;16.4.25;29.4.25;29.4.25;35;225.48;7891,8;On-Time;
371;10;1104;9.2.24;12.2.24;12.2.24;182;179.63;32692,66;On-Time;
372;8;1139;17.4.25;21.4.25;21.4.25;335;123.68;41432,8;On-Time;
374;14;1182;14.2.24;23.2.24;23.2.24;441;69.33;30574,53;On-Time;
376;19;1055;22.5.24;26.5.24;26.5.24;258;113.73;29342,34;On-Time;
378;17;1144;30.5.25;8.6.25;8.6.25;482;155.24;74825,68;On-Time;
379;8;1150;5.7.25;9.7.25;9.7.25;397;21.78;8646,66;On-Time;
380;20;1130;1.6.24;6.6.24;6.6.24;490;19.72;9662,8;On-Time;
381;15;1128;21.2.25;5.3.25;5.3.25;450;168.88;75996;On-Time;
383;3;1066;6.2.25;10.2.25;10.2.25;293;133.72;39179,96;On-Time;
384;1;1188;7.7.25;25.7.25;25.7.25;266;138.94;36958,04;On-Time;
385;4;1057;9.4.25;24.4.25;24.4.25;305;42.62;12999,1;On-Time;
386;14;1174;21.3.25;30.3.25;30.3.25;105;14.35;1506,75;On-Time;
389;15;1116;16.12.24;25.12.24;25.12.24;140;153.89;21544,6;On-Time;
390;4;1094;18.1.25;24.1.25;24.1.25;164;256.88;42128,32;On-Time;
392;5;1050;4.10.24;9.10.24;9.10.24;198;144.31;28573,38;On-Time;
393;13;1060;21.6.24;6.7.24;6.7.24;290;10.99;3187,1;On-Time;
396;15;1123;30.6.24;12.7.24;12.7.24;230;103.04;23699,2;On-Time;
397;5;1038;10.5.24;25.5.24;25.5.24;83;248.38;20615,54;On-Time;
398;17;1118;5.3.25;8.3.25;8.3.25;373;57.85;21578,05;On-Time;
399;21;1098;24.6.25;30.6.25;30.6.25;198;274.58;54366,84;On-Time;
400;5;1089;24.2.25;8.3.25;8.3.25;340;5.25;1785;On-Time;
401;1;1122;16.6.25;28.6.25;28.6.25;104;142.42;14811,68;On-Time;
402;18;1157;11.6.25;26.6.25;26.6.25;263;99.53;26176,39;On-Time;
403;11;1164;22.9.24;26.9.24;26.9.24;345;251.22;86670,9;On-Time;
404;19;1166;22.2.24;13.3.24;13.3.24;416;143.72;59787,52;On-Time;
405;20;1156;26.2.25;14.3.25;14.3.25;316;112.44;35531,04;On-Time;
407;10;1055;7.12.24;17.12.24;17.12.24;395;71.31;28167,45;On-Time;
408;10;1162;17.11.24;4.12.24;4.12.24;495;68.8;34056;On-Time;
410;2;1170;1.6.24;10.6.24;10.6.24;493;234.29;115504,97;On-Time;
411;5;1158;11.7.24;29.7.24;29.7.24;157;293.03;46005,71;On-Time;
412;4;1011;15.2.25;19.2.25;19.2.25;306;98.95;30278,7;On-Time;
413;19;1192;19.10.24;30.10.24;30.10.24;85;245.37;20856,45;On-Time;
414;8;1102;24.1.25;13.2.25;13.2.25;26;100.04;2601,04;On-Time;
415;10;1130;12.2.24;2.3.24;2.3.24;496;113.34;56216,64;On-Time;
416;16;1050;6.1.25;18.1.25;18.1.25;196;219.38;42998,48;On-Time;
417;19;1139;19.4.25;28.4.25;28.4.25;374;30.75;11500,5;On-Time;
419;19;1056;2.2.25;20.2.25;20.2.25;286;209.56;59934,16;On-Time;
420;5;1022;20.2.24;29.2.24;29.2.24;133;24.53;3262,49;On-Time;
423;5;1161;8.7.25;15.7.25;15.7.25;88;63.34;5573,92;On-Time;
424;4;1048;7.3.24;25.3.24;25.3.24;69;257.56;17771,64;On-Time;
425;20;1028;1.5.24;21.5.24;21.5.24;101;255.93;25848,93;On-Time;
427;19;1124;31.3.25;3.4.25;3.4.25;320;290.73;93033,6;On-Time;
429;21;1029;30.1.24;13.2.24;13.2.24;289;191.93;55467,77;On-Time;
430;2;1070;23.6.25;30.6.25;30.6.25;131;126.76;16605,56;On-Time;
431;19;1110;1.2.25;17.2.25;17.2.25;363;293.01;106362,63;On-Time;
432;18;1000;21.8.24;31.8.24;31.8.24;275;204.93;56355,75;On-Time;
433;17;1145;1.8.25;6.8.25;6.8.25;221;269.36;59528,56;On-Time;
434;12;1084;21.6.24;30.6.24;30.6.24;308;100.46;30941,68;On-Time;
435;15;1059;27.10.24;5.11.24;5.11.24;115;225.42;25923,3;On-Time;
436;20;1011;6.1.25;17.1.25;17.1.25;210;175.13;36777,3;On-Time;
437;11;1159;20.6.25;10.7.25;10.7.25;32;181.6;5811,2;On-Time;
438;6;1134;31.12.24;10.1.25;10.1.25;387;62.5;24187,5;On-Time;
440;11;1091;25.4.25;14.5.25;14.5.25;451;39.76;17931,76;On-Time;
441;19;1065;11.1.24;31.1.24;31.1.24;94;273.86;25742,84;On-Time;
442;6;1096;27.4.25;12.5.25;12.5.25;45;91.18;4103,1;On-Time;
444;14;1002;23.11.24;12.12.24;12.12.24;285;223.94;63822,9;On-Time;
445;9;1089;9.7.24;14.7.24;14.7.24;219;294.1;64407,9;On-Time;
447;6;1158;1.5.25;15.5.25;15.5.25;498;171.11;85212,78;On-Time;
448;13;1074;7.11.24;13.11.24;13.11.24;121;171.48;20749,08;On-Time;
449;3;1025;22.1.24;6.2.24;6.2.24;302;157.49;47561,98;On-Time;
450;10;1073;18.1.25;24.1.25;24.1.25;279;86.12;24027,48;On-Time;
451;14;1058;18.10.24;26.10.24;26.10.24;387;169.0;65403;On-Time;
455;11;1186;8.6.25;26.6.25;26.6.25;223;148.28;33066,44;On-Time;
456;9;1039;23.5.25;2.6.25;2.6.25;285;73.01;20807,85;On-Time;
457;17;1011;22.4.25;1.5.25;1.5.25;176;116.1;20433,6;On-Time;
459;20;1104;12.3.25;26.3.25;26.3.25;292;52.12;15219,04;On-Time;
461;21;1112;28.4.24;4.5.24;4.5.24;113;212.56;24019,28;On-Time;
462;21;1118;15.8.25;18.8.25;18.8.25;398;141.77;56424,46;On-Time;
465;6;1005;10.12.24;29.12.24;29.12.24;169;28.38;4796,22;On-Time;
467;13;1108;19.7.25;2.8.25;2.8.25;137;205.16;28106,92;On-Time;
468;13;1029;1.10.24;10.10.24;10.10.24;77;292.15;22495,55;On-Time;
470;13;1127;28.3.24;15.4.24;15.4.24;407;146.91;59792,37;On-Time;
471;9;1107;19.2.24;7.3.24;7.3.24;319;163.57;52178,83;On-Time;
472;18;1129;22.2.24;4.3.24;4.3.24;87;213.22;18550,14;On-Time;
473;5;1007;23.3.25;6.4.25;6.4.25;65;244.46;15889,9;On-Time;
476;20;1142;15.4.25;1.5.25;1.5.25;27;87.88;2372,76;On-Time;
477;9;1088;25.12.24;11.1.25;11.1.25;265;40.78;10806,7;On-Time;
480;21;1055;2.7.24;15.7.24;15.7.24;175;6.94;1214,5;On-Time;
482;16;1181;25.1.24;11.2.24;11.2.24;373;161.46;60224,58;On-Time;
483;12;1110;17.4.24;1.5.24;1.5.24;261;129.77;33869,97;On-Time;
484;6;1035;24.5.24;31.5.24;31.5.24;424;59.35;25164,4;On-Time;
485;17;1009;19.7.25;31.7.25;31.7.25;439;93.11;40875,29;On-Time;
486;3;1163;21.7.25;2.8.25;2.8.25;289;51.95;15013,55;On-Time;
487;20;1112;13.3.25;20.3.25;20.3.25;151;158.07;23868,57;On-Time;
488;13;1089;12.12.24;27.12.24;27.12.24;63;125.81;7926,03;On-Time;
489;19;1153;14.5.24;21.5.24;21.5.24;290;130.7;37903;On-Time;
490;7;1068;28.5.25;2.6.25;2.6.25;481;53.52;25743,12;On-Time;
491;3;1008;4.9.24;19.9.24;19.9.24;219;123.63;27074,97;On-Time;
493;11;1175;2.7.25;10.7.25;10.7.25;254;244.68;62148,72;On-Time;
494;5;1168;24.1.24;11.2.24;11.2.24;118;276.58;32636,44;On-Time;
496;13;1162;9.4.25;16.4.25;16.4.25;125;54.77;6846,25;On-Time;
497;13;1059;22.3.24;31.3.24;31.3.24;60;220.19;13211,4;On-Time;
499;3;1159;19.10.24;1.11.24;1.11.24;204;155.34;31689,36;On-Time;
500;18;1133;8.12.24;27.12.24;27.12.24;78;36.33;2833,74;On-Time;
501;21;1068;20.6.24;9.7.24;9.7.24;436;59.34;25872,24;On-Time;
502;3;1173;6.6.24;18.6.24;18.6.24;414;162.69;67353,66;On-Time;
503;8;1093;7.11.24;10.11.24;10.11.24;500;15.71;7855;On-Time;
504;17;1100;1.11.24;4.11.24;4.11.24;167;297.42;49669,14;On-Time;
507;20;1184;15.7.24;2.8.24;2.8.24;187;134.82;25211,34;On-Time;
508;8;1091;11.1.25;29.1.25;29.1.25;499;258.74;129111,26;On-Time;
510;9;1086;9.3.25;23.3.25;23.3.25;329;157.06;51672,74;On-Time;
511;21;1131;25.4.25;3.5.25;3.5.25;316;98.8;31220,8;On-Time;
512;14;1176;9.11.24;23.11.24;23.11.24;210;182.99;38427,9;On-Time;
513;5;1119;30.1.25;16.2.25;16.2.25;225;44.91;10104,75;On-Time;
514;11;1097;25.4.25;7.5.25;7.5.25;379;12.43;4710,97;On-Time;
515;20;1121;25.2.25;16.3.25;16.3.25;357;46.36;16550,52;On-Time;
516;3;1052;10.1.25;19.1.25;19.1.25;217;162.86;35340,62;On-Time;
517;5;1122;22.3.24;8.4.24;8.4.24;41;148.54;6090,14;On-Time;
518;14;1041;5.4.25;25.4.25;25.4.25;34;125.22;4257,48;On-Time;
519;5;1139;4.1.25;14.1.25;14.1.25;414;172.14;71265,96;On-Time;
520;21;1151;13.5.25;24.5.25;24.5.25;469;97.85;45891,65;On-Time;
521;14;1113;31.5.24;6.6.24;6.6.24;333;8.74;2910,42;On-Time;
523;10;1165;18.3.25;6.4.25;6.4.25;162;67.29;10900,98;On-Time;
524;7;1068;24.1.25;9.2.25;9.2.25;287;178.5;51229,5;On-Time;
525;17;1045;8.2.25;11.2.25;11.2.25;206;288.19;59367,14;On-Time;
527;7;1064;11.7.24;26.7.24;26.7.24;298;180.55;53803,9;On-Time;
528;5;1109;15.11.24;20.11.24;20.11.24;140;216.98;30377,2;On-Time;
529;10;1196;15.7.25;25.7.25;25.7.25;40;70.2;2808;On-Time;
532;11;1105;29.3.24;7.4.24;7.4.24;475;215.61;102414,75;On-Time;
533;8;1189;7.5.25;27.5.25;27.5.25;192;237.23;45548,16;On-Time;
535;8;1151;27.11.24;17.12.24;17.12.24;217;126.96;27550,32;On-Time;
536;13;1024;14.12.24;26.12.24;26.12.24;427;164.02;70036,54;On-Time;
537;18;1170;25.5.24;31.5.24;31.5.24;226;292.39;66080,14;On-Time;
538;3;1079;7.7.24;19.7.24;19.7.24;467;296.8;138605,6;On-Time;
540;3;1041;25.12.24;7.1.25;7.1.25;254;118.39;30071,06;On-Time;
541;6;1009;10.6.24;17.6.24;17.6.24;415;186.6;77439;On-Time;
542;10;1170;2.7.25;10.7.25;10.7.25;44;127.88;5626,72;On-Time;
545;9;1125;9.11.24;14.11.24;14.11.24;252;147.83;37253,16;On-Time;
546;6;1146;28.8.24;17.9.24;17.9.24;285;203.55;58011,75;On-Time;
547;6;1163;11.6.24;21.6.24;21.6.24;268;56.28;15083,04;On-Time;
548;20;1033;14.3.25;20.3.25;20.3.25;444;44.17;19611,48;On-Time;
549;19;1199;7.11.24;21.11.24;21.11.24;274;94.91;26005,34;On-Time;
551;1;1162;22.2.25;3.3.25;3.3.25;380;235.34;89429,2;On-Time;
552;14;1158;11.8.24;22.8.24;22.8.24;340;218.41;74259,4;On-Time;
554;1;1030;13.7.24;21.7.24;21.7.24;169;129.41;21870,29;On-Time;
555;3;1067;14.12.24;30.12.24;30.12.24;380;193.14;73393,2;On-Time;
556;20;1193;2.5.24;17.5.24;17.5.24;18;33.9;610,2;On-Time;
557;10;1013;22.1.25;6.2.25;6.2.25;82;79.85;6547,7;On-Time;
558;14;1104;26.8.24;30.8.24;30.8.24;136;48.02;6530,72;On-Time;
560;2;1039;8.4.24;13.4.24;13.4.24;38;242.39;9210,82;On-Time;
561;3;1073;30.5.24;13.6.24;13.6.24;283;173.27;49035,41;On-Time;
563;7;1127;20.8.25;25.8.25;25.8.25;148;21.09;3121,32;On-Time;
564;21;1049;22.7.24;26.7.24;26.7.24;97;114.5;11106,5;On-Time;
565;7;1004;24.12.24;29.12.24;29.12.24;303;283.79;85988,37;On-Time;
567;19;1108;6.6.25;14.6.25;14.6.25;380;205.71;78169,8;On-Time;
568;7;1159;5.1.25;18.1.25;18.1.25;234;202.96;47492,64;On-Time;
570;5;1120;11.9.24;25.9.24;25.9.24;201;139.96;28131,96;On-Time;
571;15;1123;16.8.24;2.9.24;2.9.24;56;15.09;845,04;On-Time;
572;8;1084;1.12.24;6.12.24;6.12.24;28;85.83;2403,24;On-Time;
573;13;1146;3.9.24;9.9.24;9.9.24;217;260.21;56465,57;On-Time;
574;19;1167;31.8.24;19.9.24;19.9.24;243;151.56;36829,08;On-Time;
575;16;1151;14.2.24;29.2.24;29.2.24;17;23.47;398,99;On-Time;
577;4;1066;12.7.24;29.7.24;29.7.24;277;214.28;59355,56;On-Time;
579;1;1121;10.2.24;16.2.24;16.2.24;387;232.03;89795,61;On-Time;
580;15;1028;15.4.24;24.4.24;24.4.24;433;73.59;31864,47;On-Time;
582;19;1033;20.6.25;10.7.25;10.7.25;287;126.82;36397,34;On-Time;
583;11;1114;29.11.24;7.12.24;7.12.24;393;19.41;7628,13;On-Time;
584;10;1099;17.2.25;26.2.25;26.2.25;297;161.39;47932,83;On-Time;
585;10;1085;7.6.25;15.6.25;15.6.25;308;30.6;9424,8;On-Time;
586;16;1198;15.2.24;22.2.24;22.2.24;289;49.27;14239,03;On-Time;
587;17;1051;12.9.24;25.9.24;25.9.24;42;185.77;7802,34;On-Time;
588;1;1020;5.6.25;14.6.25;14.6.25;435;202.7;88174,5;On-Time;
590;20;1053;5.1.25;24.1.25;24.1.25;374;218.62;81763,88;On-Time;
591;16;1012;18.3.25;23.3.25;23.3.25;112;274.42;30735,04;On-Time;
592;18;1073;17.3.25;3.4.25;3.4.25;66;154.13;10172,58;On-Time;
593;3;1003;22.11.24;3.12.24;3.12.24;345;150.53;51932,85;On-Time;
594;14;1011;21.2.25;28.2.25;28.2.25;299;222.22;66443,78;On-Time;
595;14;1076;28.11.24;14.12.24;14.12.24;336;222.94;74907,84;On-Time;
597;10;1021;15.2.24;20.2.24;20.2.24;259;270.74;70121,66;On-Time;
598;3;1018;27.6.25;6.7.25;6.7.25;166;289.8;48106,8;On-Time;
599;1;1011;6.8.25;9.8.25;9.8.25;446;171.56;76515,76;On-Time;
1;8;1110;9.1.25;24.1.25;2.2.25;280;227.88;63806,4;Delayed;3
11;7;1060;25.7.25;5.8.25;12.8.25;151;212.77;32128,27;Delayed;6
17;11;1009;15.12.24;2.1.25;4.1.25;252;188.92;47607,84;Delayed;1
19;11;1032;26.2.24;1.3.24;8.3.24;391;187.01;73120,91;Delayed;5
28;4;1168;22.2.25;14.3.25;20.3.25;10;255.07;2550,7;Delayed;1
29;4;1056;22.2.25;5.3.25;10.3.25;348;86.63;30147,24;Delayed;4
33;10;1048;7.12.24;19.12.24;22.12.24;298;149.52;44556,96;Delayed;3
36;14;1098;15.8.24;20.8.24;23.8.24;23;117.99;2713,77;Delayed;4
40;6;1189;13.12.24;30.12.24;1.1.25;283;239.22;67699,26;Delayed;5
41;3;1115;18.8.24;24.8.24;29.8.24;248;80.13;19872,24;Delayed;1
43;4;1158;26.8.24;14.9.24;23.9.24;266;25.0;6650;Delayed;6
50;17;1021;7.2.24;20.2.24;23.2.24;384;199.86;76746,24;Delayed;4
52;16;1181;21.2.24;3.3.24;6.3.24;356;142.72;50808,32;Delayed;6
57;19;1043;31.5.25;9.6.25;12.6.25;92;224.84;20685,28;Delayed;5
65;8;1142;10.6.24;28.6.24;4.7.24;267;141.62;37812,54;Delayed;4
66;9;1189;18.6.25;6.7.25;8.7.25;183;142.17;26017,11;Delayed;3
68;16;1185;25.2.25;3.3.25;11.3.25;320;230.53;73769,6;Delayed;3
78;18;1154;17.11.24;21.11.24;27.11.24;197;145.74;28710,78;Delayed;5
80;7;1015;7.7.24;24.7.24;28.7.24;136;12.12;1648,32;Delayed;1
82;19;1143;10.1.24;21.1.24;30.1.24;248;167.35;41502,8;Delayed;4
87;10;1061;3.8.24;14.8.24;17.8.24;360;83.33;29998,8;Delayed;4
90;5;1133;28.5.25;16.6.25;19.6.25;405;285.99;115825,95;Delayed;3
93;11;1022;22.1.24;10.2.24;19.2.24;415;212.81;88316,15;Delayed;5
95;12;1091;19.4.24;22.4.24;23.4.24;265;15.77;4179,05;Delayed;6
99;4;1137;15.2.24;21.2.24;25.2.24;132;153.12;20211,84;Delayed;1
100;19;1153;18.9.24;28.9.24;6.10.24;65;130.71;8496,15;Delayed;5
107;20;1111;5.7.24;25.7.24;3.8.24;48;218.85;10504,8;Delayed;5
116;3;1109;23.4.25;8.5.25;16.5.25;478;159.95;76456,1;Delayed;1
121;6;1198;6.1.24;12.1.24;22.1.24;285;185.91;52984,35;Delayed;2
131;5;1023;6.4.24;13.4.24;22.4.24;23;224.19;5156,37;Delayed;5
136;13;1108;4.5.24;17.5.24;18.5.24;451;42.86;19329,86;Delayed;1
145;20;1157;27.1.25;3.2.25;8.2.25;456;21.79;9936,24;Delayed;2
147;18;1042;3.3.25;12.3.25;21.3.25;403;219.39;88414,17;Delayed;2
153;1;1079;6.6.25;25.6.25;29.6.25;67;108.8;7289,6;Delayed;4
154;15;1030;22.9.24;8.10.24;13.10.24;104;25.16;2616,64;Delayed;5
155;6;1129;27.3.24;6.4.24;8.4.24;131;77.02;10089,62;Delayed;6
160;7;1027;20.9.24;4.10.24;9.10.24;44;218.2;9600,8;Delayed;2
163;21;1015;26.6.24;12.7.24;20.7.24;57;134.56;7669,92;Delayed;1
164;12;1045;1.1.25;15.1.25;21.1.25;210;177.71;37319,1;Delayed;2
167;4;1005;30.7.24;5.8.24;12.8.24;481;215.18;103501,58;Delayed;1
170;21;1147;11.6.25;20.6.25;26.6.25;385;167.45;64468,25;Delayed;2
180;2;1160;27.5.24;31.5.24;2.6.24;393;260.49;102372,57;Delayed;4
189;14;1116;8.12.24;17.12.24;19.12.24;279;38.89;10850,31;Delayed;4
191;1;1169;21.4.25;25.4.25;3.5.25;317;89.05;28228,85;Delayed;3
193;6;1193;28.8.24;4.9.24;12.9.24;344;133.07;45776,08;Delayed;1
196;15;1046;20.6.25;23.6.25;3.7.25;192;160.97;30906,24;Delayed;4
197;4;1052;2.8.25;12.8.25;21.8.25;68;170.17;11571,56;Delayed;5
198;1;1190;23.1.25;6.2.25;9.2.25;51;213.86;10906,86;Delayed;1
200;19;1165;11.8.24;25.8.24;26.8.24;321;180.58;57966,18;Delayed;6
209;13;1194;26.4.25;10.5.25;15.5.25;272;259.71;70641,12;Delayed;6
213;6;1162;11.10.24;24.10.24;1.11.24;227;293.25;66567,75;Delayed;4
214;15;1018;25.6.24;14.7.24;20.7.24;243;143.59;34892,37;Delayed;3
217;18;1104;29.5.24;11.6.24;13.6.24;467;256.07;119584,69;Delayed;2
224;14;1076;18.1.24;6.2.24;14.2.24;6;234.03;1404,18;Delayed;5
231;1;1105;28.5.24;3.6.24;11.6.24;331;215.11;71201,41;Delayed;2
233;4;1066;25.7.25;29.7.25;7.8.25;179;152.41;27281,39;Delayed;2
235;9;1112;9.10.24;23.10.24;27.10.24;109;13.21;1439,89;Delayed;1
239;3;1024;17.11.24;21.11.24;29.11.24;445;216.43;96311,35;Delayed;5
245;11;1178;22.4.24;29.4.24;8.5.24;113;256.4;28973,2;Delayed;3
250;20;1052;12.7.25;17.7.25;18.7.25;216;115.59;24967,44;Delayed;3
252;7;1054;9.7.24;24.7.24;28.7.24;325;288.46;93749,5;Delayed;5
257;16;1092;31.7.25;7.8.25;12.8.25;386;241.59;93253,74;Delayed;4
261;7;1013;13.1.24;21.1.24;29.1.24;104;162.9;16941,6;Delayed;5
263;16;1115;15.8.25;26.8.25;30.8.25;204;279.77;57073,08;Delayed;6
267;7;1022;22.5.25;30.5.25;3.6.25;177;14.35;2539,95;Delayed;3
269;11;1038;5.8.25;11.8.25;13.8.25;252;40.55;10218,6;Delayed;3
273;3;1200;4.1.24;10.1.24;12.1.24;376;143.21;53846,96;Delayed;2
274;1;1102;30.7.25;5.8.25;11.8.25;487;114.29;55659,23;Delayed;5
277;21;1011;11.3.25;31.3.25;6.4.25;90;16.86;1517,4;Delayed;3
279;10;1077;11.6.24;24.6.24;25.6.24;297;271.87;80745,39;Delayed;6
280;6;1015;29.4.25;19.5.25;21.5.25;74;26.6;1968,4;Delayed;3
283;13;1040;23.6.24;27.6.24;28.6.24;413;110.11;45475,43;Delayed;1
289;9;1121;25.6.24;3.7.24;8.7.24;198;247.37;48979,26;Delayed;3
295;17;1009;13.6.25;24.6.25;29.6.25;205;265.68;54464,4;Delayed;6
301;11;1194;12.6.24;24.6.24;29.6.24;58;50.72;2941,76;Delayed;5
304;2;1063;27.2.25;18.3.25;23.3.25;174;284.85;49563,9;Delayed;3
306;14;1196;3.1.24;11.1.24;21.1.24;280;17.59;4925,2;Delayed;1
309;14;1035;1.12.24;17.12.24;23.12.24;488;38.25;18666;Delayed;2
314;3;1070;8.4.24;15.4.24;21.4.24;184;146.33;26924,72;Delayed;4
319;1;1147;26.3.24;1.4.24;11.4.24;39;16.52;644,28;Delayed;6
320;18;1155;19.4.25;2.5.25;7.5.25;224;232.81;52149,44;Delayed;2
324;1;1181;15.5.25;1.6.25;6.6.25;58;217.92;12639,36;Delayed;2
325;2;1184;19.3.24;2.4.24;3.4.24;152;112.98;17172,96;Delayed;1
327;8;1061;11.4.25;24.4.25;2.5.25;253;29.29;7410,37;Delayed;6
329;10;1186;21.7.25;3.8.25;13.8.25;33;169.82;5604,06;Delayed;5
334;6;1117;3.7.24;15.7.24;17.7.24;276;267.24;73758,24;Delayed;3
342;5;1068;6.7.24;14.7.24;22.7.24;472;184.69;87173,68;Delayed;5
346;1;1137;1.5.25;5.5.25;11.5.25;403;149.17;60115,51;Delayed;3
351;5;1156;26.3.24;1.4.24;2.4.24;96;28.64;2749,44;Delayed;1
357;2;1058;25.4.24;8.5.24;17.5.24;241;83.43;20106,63;Delayed;1
358;17;1110;19.8.24;3.9.24;5.9.24;204;237.56;48462,24;Delayed;3
362;7;1075;21.9.24;26.9.24;28.9.24;184;229.87;42296,08;Delayed;2
363;20;1162;6.6.25;10.6.25;18.6.25;36;181.02;6516,72;Delayed;4
365;3;1006;9.11.24;16.11.24;17.11.24;275;187.11;51455,25;Delayed;3
368;18;1117;26.4.24;14.5.24;21.5.24;94;76.35;7176,9;Delayed;3
373;5;1097;27.5.25;30.5.25;31.5.25;200;55.0;11000;Delayed;5
375;12;1100;30.4.24;4.5.24;5.5.24;364;220.12;80123,68;Delayed;5
377;9;1199;19.3.24;6.4.24;16.4.24;158;19.26;3043,08;Delayed;1
382;1;1168;26.6.25;4.7.25;6.7.25;60;215.4;12924;Delayed;6
387;1;1152;3.3.24;14.3.24;16.3.24;131;203.75;26691,25;Delayed;3
388;15;1161;7.8.24;22.8.24;1.9.24;164;232.75;38171;Delayed;2
391;21;1179;10.4.24;20.4.24;24.4.24;307;14.18;4353,26;Delayed;1
394;7;1007;6.11.24;11.11.24;16.11.24;313;143.85;45025,05;Delayed;3
395;6;1159;9.12.24;14.12.24;18.12.24;97;136.34;13224,98;Delayed;4
406;5;1174;15.3.24;31.3.24;5.4.24;231;75.86;17523,66;Delayed;5
409;20;1006;25.12.24;2.1.25;3.1.25;406;285.18;115783,08;Delayed;2
418;1;1078;25.8.24;8.9.24;16.9.24;342;89.11;30475,62;Delayed;4
421;16;1093;11.9.24;21.9.24;30.9.24;299;281.64;84210,36;Delayed;2
422;1;1129;14.7.25;17.7.25;26.7.25;236;27.01;6374,36;Delayed;4
426;11;1006;5.3.24;21.3.24;26.3.24;82;249.25;20438,5;Delayed;3
428;2;1035;2.3.25;22.3.25;31.3.25;306;115.03;35199,18;Delayed;3
439;17;1109;18.2.25;24.2.25;25.2.25;41;206.85;8480,85;Delayed;6
443;5;1098;6.4.24;17.4.24;19.4.24;338;261.57;88410,66;Delayed;3
446;20;1012;4.7.24;17.7.24;22.7.24;220;299.27;65839,4;Delayed;1
452;21;1067;15.5.24;1.6.24;4.6.24;133;173.77;23111,41;Delayed;3
453;9;1119;2.5.24;22.5.24;25.5.24;298;64.21;19134,58;Delayed;5
454;4;1024;19.6.25;3.7.25;6.7.25;333;216.1;71961,3;Delayed;3
458;15;1102;3.6.25;13.6.25;20.6.25;311;264.43;82237,73;Delayed;3
460;7;1180;12.7.24;20.7.24;21.7.24;70;65.56;4589,2;Delayed;4
463;8;1185;27.3.24;6.4.24;8.4.24;6;246.25;1477,5;Delayed;3
464;9;1103;9.5.24;19.5.24;24.5.24;272;146.91;39959,52;Delayed;5
466;11;1006;27.3.25;9.4.25;11.4.25;277;194.31;53823,87;Delayed;4
469;19;1014;25.3.24;30.3.24;9.4.24;181;63.19;11437,39;Delayed;6
474;2;1184;1.8.24;17.8.24;25.8.24;8;84.47;675,76;Delayed;2
475;10;1076;30.6.25;11.7.25;17.7.25;293;237.49;69584,57;Delayed;1
478;13;1101;29.5.25;11.6.25;17.6.25;412;56.55;23298,6;Delayed;1
479;6;1130;6.7.24;22.7.24;31.7.24;231;233.06;53836,86;Delayed;4
481;13;1005;13.7.25;23.7.25;1.8.25;399;136.33;54395,67;Delayed;6
492;10;1073;9.2.25;13.2.25;18.2.25;418;65.85;27525,3;Delayed;5
495;7;1013;6.2.24;17.2.24;18.2.24;253;169.45;42870,85;Delayed;4
498;5;1130;19.6.24;6.7.24;15.7.24;381;142.01;54105,81;Delayed;2
505;1;1198;17.7.24;6.8.24;13.8.24;104;112.28;11677,12;Delayed;4
506;9;1048;22.5.25;29.5.25;5.6.25;142;255.18;36235,56;Delayed;4
509;13;1009;23.10.24;12.11.24;13.11.24;484;122.48;59280,32;Delayed;2
522;17;1027;9.3.25;26.3.25;3.4.25;249;245.14;61039,86;Delayed;6
526;20;1023;1.12.24;19.12.24;25.12.24;404;50.96;20587,84;Delayed;5
530;17;1051;12.1.24;16.1.24;24.1.24;31;26.29;814,99;Delayed;4
531;2;1100;26.5.24;29.5.24;5.6.24;139;42.3;5879,7;Delayed;2
534;7;1162;19.7.25;4.8.25;13.8.25;222;189.79;42133,38;Delayed;3
539;5;1009;19.3.24;7.4.24;8.4.24;46;243.46;11199,16;Delayed;5
543;13;1045;17.8.25;3.9.25;11.9.25;85;63.47;5394,95;Delayed;4
544;5;1109;13.6.25;28.6.25;1.7.25;233;239.5;55803,5;Delayed;6
550;20;1137;24.10.24;9.11.24;18.11.24;209;18.15;3793,35;Delayed;6
553;4;1016;16.1.24;28.1.24;30.1.24;241;8.59;2070,19;Delayed;6
559;19;1159;17.3.25;2.4.25;5.4.25;83;289.25;24007,75;Delayed;4
562;17;1033;21.5.24;27.5.24;30.5.24;121;116.33;14075,93;Delayed;2
566;5;1179;31.8.24;8.9.24;11.9.24;123;7.77;955,71;Delayed;2
569;13;1173;4.10.24;16.10.24;23.10.24;360;135.31;48711,6;Delayed;3
576;5;1047;22.5.25;25.5.25;30.5.25;246;284.01;69866,46;Delayed;1
578;16;1102;5.11.24;19.11.24;26.11.24;212;232.56;49302,72;Delayed;4
581;3;1059;27.11.24;1.12.24;8.12.24;5;125.24;626,2;Delayed;6
589;8;1003;23.12.24;4.1.25;14.1.25;65;291.82;18968,3;Delayed;5
596;16;1081;23.1.24;6.2.24;13.2.24;363;244.37;88706,31;Delayed;1
600;10;1184;16.8.25;21.8.25;31.8.25;395;198.78;78518,1;Delayed;5
